{
    "lang_msg": {
        "ru": "Выбери язык",
        "en": "Choose language"
    },
    "hello_msg": {
        "ru": "Привет, я PuninWine Auction bot!\nУчаствуй в аукционах на коллекционные вина и виски вместе со мной!",
        "en": "Hello, I am PuninWine Auction bot!\nTake part in the auctions of collectible wines and whiskey with me!"
    },
    "payment_msg": {
        "ru": "Оплатить",
        "en": "Pay"
    },
    "payment_msg_error": {
        "ru": "Извините, но чтобы пополнить банк, оплатите предыдущую транзакцию",
        "en": "Pay"
    },
    "pay_way_msg": {
        "ru": "Выберите способ оплаты",
        "en": "Choose Pay Way"
    },
    "current_auctions_msg": {
        "ru": "Посмотреть текущие аукционы",
        "en": "See current auctions"
    },
    "wine_msg": {
        "ru": "Вино 🍷",
        "en": "Wine 🍷"
    },
    "whiskey_msg": {
        "ru": "Виски 🥃",
        "en": "Whiskey 🥃"
    },
    "no_auctions_msg": {
        "ru": "Сейчас нет активных аукционов.\nОднако мы пришлём вам уведомление о начале следующего аукциона!",
        "en": "There are no active auctions at the moment.\nHowever, we will notify you when the next auction starts!"
    },
    "yes_auctions_msg": {
        "ru": "Вот активные аукционы",
        "en":"Here are the active auctions"
    },
    "get_back_button": {
        "ru": "Вернуться на главную",
        "en": "Return"
    },
    "do_bid": {
        "ru": "Сделать ставку",
        "en": "Place a bid"
    },
    "do_bid_msg": {
        "ru": "Укажите сумму, которую хотите поставить.\n*Важно. Сумма не может быть больше вашего банка",
        "en": "Specify the amount you want to bet.\n*Important. The amount cannot be more than your bank"
    },
    "do_bid_msg_sure": {
        "ru": "Вы хотите сделать ставку на сумму *%s*?",
        "en": "Do you want to place a bet on the amount *%s*?"
    },
    "do_bid_msg_cancel": {
        "ru": "К сожалению вы не можете поставить ставку такого размера\nУвеличьте свой банк и возвращайтесь!",
        "en": "Unfortunately, you cannot place a bet of this size. Increase your bank and come back!"
    },
    "do_bid_msg_success": {
        "ru": "Вы поставили %s в данном аукционе",
        "en": "You have placed %s in this auction"
    },
    "increace_bank": {
        "ru": "Увеличить банк",
        "en": "Increase the bank"
    },
    "increace_bank_summ": {
        "ru": "Укажите сумму, на которую хотите увеличить ваш банк в данном аукционе",
        "en": "Specify the amount by which you want to increase your bank in this auction"
    },
    "increace_bank_sure": {
        "ru": "Вы хотите увеличить ваш банк на %s %s",
        "en": "Specify the amount by which you want to increase your bank in this auction"
    },
    "increace_bank_low": {
        "ru": "Извините, но ставка должна быть больше предыдущей",
        "en": "Sorry, but the bid must be higher than the previous one"
    },
    "increace_bank_error": {
        "ru": "Вы хотите увеличить ваш банк на %s $",
        "en": "Specify the amount by which you want to increase your bank in this auction"
    },
    "put_summ": {
        "ru": "Вы точно хотите вывести ваш банк с этого аукциона?",
        "en": "Are you sure you want to withdraw your bank from this auction?"
    },
    "put_summ_success": {
        "ru": "Вы успешно вывели ваш банк",
        "en": "You have successfully withdrawn your bank"
    },
    "put_summ_error": {
        "ru": "Произошла ошибка при выводе",
        "en": "An error occurred during the output"
    },
    "put_summ_empty": {
        "ru": "Извините, но ваш банк пуст",
        "en": "Sorry, but your bank is empty"
    },
    "get_out": {
        "ru": "Вывести сумму",
        "en": "Withdraw the amount"
    },
    "get_out_msg": {
        "ru": "Вывести сумму",
        "en": "Withdraw the amount"
    },
    "user_menu_msg": {
        "ru": "Привет, я PuninWine Auction Bot!\nУчаствуй в аукционах на коллекционные вина и виски! Выберите интересующую вас категорию напитков",
        "en": "Hello, I am PuninWine Auction Bot!\nTake part in the auctions of collectible wines and whiskey! Pick the category that you are interested in"
    },
    "user_carency_msg": {
        "ru": "Выберите валюту, в которой хотите пополнить баланс",
        "en": "Select the currency in which you want to top up your balance"
    },
    "lot_msg": {
        "ru": "Название: %s\nТип: %s\nОбъём: %s\nКрепость: %s\nСтрана: %s\nБренд: %s\nПроизводитель: %s\nОписание: %s\n\nЦена: %s\nВаша максимальная ставка (банк): %s%s\n",
        "en": "Name: %s\nType: %s\nVolume: %s\nABV: %s\nCountry: %s\nBrand: %s\nManufacturer: %s\nDescription: %s\n\nPrice: %s%s\n"
    },
    "lot_your_bid_msg": {
        "ru": "Ваша ставка: %s%s\n",
        "en": "Your bid: %s%s\n"
    },
    "notification_start_msg": {
        "ru": "Добрый день, начался аукцион на %s",
        "en": "Hello, the %s auction has started."
    },
    "user_loss_msg": {
        "ru": "К сожалению вы проиграли в аукционе %s\nБлагодарим вас за участие в этом аукционе и ждем вас участником следующего!",
        "en": "Unfortunately, you lost in the auction %s\nThank you for participating, and we look forward to seeing you in the next auction!"
    },
    "user_win_msg": {
        "ru": "Поздравляю победителя аукциона!\nС вами скоро свяжутся, о получении лота.\nСпасибо за участие в аукционе на %s\nЖдем вас на следующих торгах",
        "en": "Congratulations to the auction winner!\nYou will be contacted soon about receiving the lot.Thank you for participating in the auction at %s. We are waiting for you at the following auctions"
    },
    "payment_method_1_msg": {
        "ru": "USDT TRC20",
        "en": "USDT TRC20"
    },
    "payment_method_2_msg": {
        "ru": "BITCOIN",
        "en": "BITCOIN"
    },
    "user_successful_payment_msg": {
        "ru": "Оплата прошла успешно!\nВаш банк увеличен на %s$",
        "en": "The payment was successful!Your bank has been increased by %s$"
    },
    "admin_info_msg": {
        "ru": "Вы назначены администратором данного бота.\nТеперь вы можете создавать и управлять аукционами, назначать администраторов.\nЧтобы перейти в панель управления, напишите /menu",
        "en": "You have been appointed as an administrator of this bot.\nYou can now create and manage auctions, and assign other administrators.\nTo go to the control panel, write /menu"
    },
    "admin_menu_action_msg": {
        "ru": "Выберите желаемое действие:",
        "en": "Choose the desired action:"
    },
    "admin_menu_create_msg": {
        "ru": "❇️ Создать аукцион",
        "en": "❇️ Create auction"
    },
    "admin_menu_my_auc_msg": {
        "ru": "📜 Мои аукционы",
        "en": "📜 My auctions"
    },
    "admin_menu_settings_msg": {
        "ru": "⚙️ Настройки",
        "en": "⚙️ Settings"
    },
    "admin_menu_help_msg": {
        "ru": "ℹ️ Помощь",
        "en": "ℹ️ Help"
    },
    "admin_menu_create_pic_msg": {
        "ru": "Отправьте мне фотографию товара",
        "en": "Send me a picture of the item"
    },
    "admin_menu_create_name_msg": {
        "ru": "Укажите название товара",
        "en": "Specify the item name"
    },
    "admin_menu_create_type_msg": {
        "ru": "Укажите тип напитка",
        "en": "Specify the type of drink"
    },
    "admin_menu_create_volume_msg": {
        "ru": "Укажите объём напитка в литрах (только значение - число) или напишите SKIP, если не хотите указывать",
        "en": "Specify the volume of the drink in litres (only the value is a number) or write SKIP if you do not want to specify it"
    },
    "admin_menu_create_abv_msg": {
        "ru": "Укажите крепость напитка (только значение - число) или напишите SKIP, если не хотите указывать",
        "en": "Specify the alcohol content (ABV) (only the value is a number) or write SKIP if you don't want to specify"
    },
    "admin_menu_create_country_msg": {
        "ru": "Укажите страну напитка вида 'country in russian /// country in english' или напишите SKIP, если не хотите указывать",
        "en": "Specify the country of origin like 'country in russian /// country in english' or write SKIP if you don't want to specify"
    },
    "admin_menu_create_brand_msg": {
        "ru": "Укажите бренд напитка или напишите SKIP, если не хотите указывать",
        "en": "Specify the brand or write SKIP if you don't want to specify"
    },
    "admin_menu_create_manufacturer_msg": {
        "ru": "Укажите производителя напитка или напишите SKIP, если не хотите указывать",
        "en": "Specify the manufacturer or write SKIP if you don't want to specify"
    },
    "admin_menu_create_description_msg": {
        "ru": "Укажите описание напитка вида 'desc in russian /// desc in english' или напишите SKIP, если не хотите указывать",
        "en": "Provide a description of the drink like 'desc in russian /// desc in english' or write SKIP if you don't want to specify"
    },
    "admin_menu_create_start_price_msg": {
        "ru": "Отправь мне стартовую цену, например '10'",
        "en": "Send me the starting price, for example '10'"
    },
    "admin_menu_create_duration_msg": {
        "ru": "Сколько будет длиться аукцион?\nВыберите значение или отправьте цифрами значение до 800 часов",
        "en": "How long will the auction last?\nChoose a value or send a numeric value up to 800 hours"
    },
    "admin_menu_create_duration_1_msg": {
        "ru": "10 мин",
        "en": "10 min"
    },
    "admin_menu_create_duration_2_msg": {
        "ru": "15 мин",
        "en": "15 min"
    },
    "admin_menu_create_duration_3_msg": {
        "ru": "30 мин",
        "en": "30 min"
    },
    "admin_menu_create_duration_4_msg": {
        "ru": "1 час",
        "en": "1 hour"
    },
    "admin_menu_create_duration_5_msg": {
        "ru": "3 часа",
        "en": "3 hours"
    },
    "admin_menu_create_duration_6_msg": {
        "ru": "6 часов",
        "en": "6 hours"
    },
    "admin_menu_create_duration_7_msg": {
        "ru": "1 день",
        "en": "1 day"
    },
    "admin_menu_create_duration_8_msg": {
        "ru": "2 дня",
        "en": "2 days"
    },
    "admin_menu_create_duration_9_msg": {
        "ru": "3 дня",
        "en": "3 days"
    },
    "admin_menu_publish_msg": {
        "ru": "Опубликовать",
        "en": "Publish"
    },
    "admin_menu_bl_msg": {
        "ru": "Черный список",
        "en": "Blacklist"
    },
    "admin_menu_edit_msg": {
        "ru": "Редактировать",
        "en": "Edit"
    },
    "admin_menu_bids_msg": {
        "ru": "Ставки",
        "en": "Bids"
    },
    "admin_menu_delete_msg": {
        "ru": "Удалить",
        "en": "Delete"
    },
    "admin_main_menu_msg": {
        "ru": "Главное меню",
        "en": "Main menu"
    },
    "admin_menu_my_auc_decription_msg": {
        "ru": "○Новые ◍Активные ●Завершённые",
        "en": "○New ◍Active ●Completed"
    },
    "admin_menu_back_msg": {
        "ru": "Назад",
        "en": "Back"
    },
    "admin_menu_edit_picture_msg": {
        "ru": "Изменить фото",
        "en": "Change photo"
    },
    "admin_menu_edit_description_msg": {
        "ru": "Изменить описание",
        "en": "Change description"
    },
    "admin_menu_edit_price_msg": {
        "ru": "Изменить цену",
        "en": "Change price"
    },
    "admin_menu_edit_duration_msg": {
        "ru": "Изменить длительность",
        "en": "Change duration"
    },
    "admin_menu_bids_none_msg": {
        "ru": "Ставок нет",
        "en": "No bids"
    },
    "admin_menu_bids_delete_msg": {
        "ru": "Удалить ставку",
        "en": "Delete bid"
    },
    "admin_menu_bids_ban_delete_msg": {
        "ru": "Забанить и удалить ставку",
        "en": "Ban and delete bid"
    },
    "admin_menu_delete_confirmation_msg": {
        "ru": "Вы точно хотите удалить данный аукцион?",
        "en": "Are you sure you want to delete this auction?"
    },
    "admin_menu_yes_msg": {
        "ru": "ДА",
        "en": "YES"
    },
    "admin_menu_no_msg": {
        "ru": "НЕТ",
        "en": "NO"
    },
    "admin_menu_settings_step_msg": {
        "ru": "Шаг ставок: %s",
        "en": "Bid step: %s"
    },
    "admin_menu_settings_antisniper_msg": {
        "ru": "Антиснайпер: %s сек",
        "en": "Anti-sniper: %s sec"
    },
    "admin_menu_settings_currency_msg": {
        "ru": "Валюта: %s",
        "en": "Currency: %s"
    },
    "admin_menu_settings_change_rules_msg": {
        "ru": "Изменить правила",
        "en": "Change rules"
    },
    "admin_menu_settings_admins_msg": {
        "ru": "Администраторы",
        "en": "Administrators"
    },
    "admin_menu_settings_payment_method_msg": {
        "ru": "Способ оплаты",
        "en": "Payment method"
    },
    "admin_menu_settings_notifications_msg": {
        "ru": "Уведомления",
        "en": "Notifications"
    },
    "admin_menu_settings_language_msg": {
        "ru": "Язык: 🇷🇺",
        "en": "Language: 🇬🇧"
    },
    "admin_menu_settings_detail_step_msg": {
        "ru": "Укажите новое значение через запятую (1,5,10,100)",
        "en": "Specify the new value separated by commas (1,5,10,100)"
    },
    "admin_menu_settings_detail_antisniper_msg": {
        "ru": "Укажите новое значение от 0 до 3600",
        "en": "Specify the new value from 0 to 3600"
    },
    "admin_menu_settings_detail_currency_msg": {
        "ru": "Укажите новую валюту",
        "en": "Specify the new currency"
    },
    "admin_menu_settings_detail_rules_msg": {
        "ru": "Текущие правила:\n%s\n укажите новые правила",
        "en": "Current rules:\n%s\nSpecify new rules"
    },
    "admin_menu_settings_detail_notification_msg": {
        "ru": "○Выключено ●Включено",
        "en": "○Off ●On"
    },
    "admin_menu_settings_detail_notification_win_msg": {
        "ru": "Победа в аукционе",
        "en": "Auction win"
    },
    "admin_menu_settings_detail_notification_lose_msg": {
        "ru": "Окончание вашего аукциона",
        "en": "Your auction has ended"
    },
    "admin_menu_settings_make_admin_msg": {
        "ru": "Назначить нового администратора",
        "en": "Assign a new administrator"
    },
    "admin_menu_settings_make_admin_info_msg": {
        "ru": "Укажите ник (@...), кого хотите назначить администратором данного бота",
        "en": "Specify the nickname (@...) of the person you want to appoint as administrator"
    },
    "admin_menu_settings_make_admin_done_msg": {
        "ru": "Теперь пользователь %s является администратором данного бота",
        "en": "User %s is now an administrator of this bot"
    },
    "admin_menu_settings_make_bl_view_msg": {
        "ru": "Список",
        "en": "List"
    },
    "admin_menu_settings_make_bl_view_detail_msg": {
        "ru": "Пользователи, которые находятся в бане:\n%s",
        "en": "Banned users:\n%s"
    },
    "admin_menu_settings_make_bl_add_msg": {
        "ru": "Добавить в ЧС",
        "en": "Add to blacklist"
    },
    "admin_menu_settings_make_bl_delete_msg": {
        "ru": "Убрать из ЧС",
        "en": "Remove from blacklist"
    },
    "admin_menu_settings_make_bl_add_info_msg": {
        "ru": "Укажите ник (@...), кого хотите добавить в ЧС",
        "en": "Specify the nickname (@...) of the person you want to add to the blacklist"
    },
    "admin_menu_settings_make_bl_delete_info_msg": {
        "ru": "Укажите ник (@...), кого хотите убрать из ЧС",
        "en": "Specify the nickname (@...) of the person you want to remove from the blacklist"
    },
    "admin_menu_settings_make_bl_add_done_msg": {
        "ru": "Теперь пользователь %s находится в ЧС",
        "en": "User %s is now blacklisted"
    },
    "admin_menu_settings_make_bl_delete_done_msg": {
        "ru": "Теперь пользователь %s не находится в ЧС",
        "en": "User %s is no longer blacklisted"
    },
    "admin_menu_settings_admin_nick_msg": {
        "ru": "%s",
        "en": "%s"
    },
    "admin_menu_settings_admin_delete_msg": {
        "ru": "Удалить",
        "en": "Remove"
    },
    "admin_menu_settings_admin_delete_confirmation_msg": {
        "ru": "Вы точно уверены, что хотите удалить %s из админов бота?",
        "en": "Are you sure you want to remove %s from the bot administrators?"
    },
    "admin_notification_auction_end_msg": {
        "ru": "Аукцион завершен!\nЛот продан за %s$\nСвязаться с победителем аукциона @%s",
        "en": "Auction ended!\nThe lot was sold for %s$\nContact the auction winner @%s"
    },
    "admin_notification_successful_payment_msg": {
        "ru": "Победитель оплатил лот.\nСвяжитесь с победителем для завершения сделки: @%s\nаукцион - %s",
        "en": "The winner has paid for the lot.\nContact the winner to complete the transaction: @%s"
    },
    "admin_notification_expired_payment_msg": {
        "ru": "Победитель @%s не оплатил лот.\nТеперь вы можете связаться со вторым и третьим местом \n@%s \n@%s\nцена - %s",
        "en": "The winner @%s did not pay for the lot.\n Now you can contact the second and third place \n@%s\n@%s\nцена - %s"
    },
    "error_msg": {
        "ru": "Извините, я вас не понял",
        "en": "Sorry, I didn't understand you"
    },
    "valute": {
        "ru": "Вы вырали %s",
        "en": "You screamed %s"
    },
    "win": {
        "ru": "Вы выиграли аукцион %s со ствкой %s",
        "en": "You won auction %s with bid %s"
    },
    "los": {
        "ru": "Вы проиграли аукцион %s со ствкой %s Вы можете забрать свой банк.",
        "en": "You loss auction %s with bid %s You can take your bank. "
    },
    "pay": {
        "ru": "Вы можете забрать банк: %s",
        "en": "You can take your bank: %s "
    },
    "bank_l": {
        "ru": "Банк возвращен",
        "en": "Bank returned"
    }
}